metric,value
test_loss,3.6006349482277566
test_acc,0.2958656330749354
test_auc,0.7537250436796954
test_pr_auc,0.8917592255719817
